{"train_loss": 3.770228862762451, "_timestamp": 1666019453.536801, "_runtime": 36.936209201812744, "_step": 9, "eval_loss": 8.561698913574219, "_wandb": {"runtime": 36}}