{"train_loss": 1.604371428489685, "_timestamp": 1666096372.859159, "_runtime": 169.13887691497803, "_step": 55, "eval_loss": 0.5807831287384033, "training_acc": {"Negative": 0.0, "Neutral": 0.0, "Positive": 0.9545454545454546}, "eval_acc": {"Negative": 0.0, "Neutral": 0.0, "Positive": 1.0}, "total_training_acc": {"Negative": 0.0, "Neutral": 0.2, "Positive": 0.7363636363636363}, "total_eval_acc": {"Negative": 0.0, "Neutral": 0.0, "Positive": 1.0}, "_wandb": {"runtime": 168}}