{"train_loss": 6.987100601196289, "_timestamp": 1665672962.8084202, "_runtime": 32.671489238739014, "_step": 14, "eval_loss": 8.281031608581543, "_wandb": {"runtime": 32}}