{"train_loss": 6.6521897315979, "_timestamp": 1666019958.823731, "_runtime": 39.75504803657532, "_step": 9, "eval_loss": 9.059865078597795e-06, "_wandb": {"runtime": 39}}