{"train_loss": 6.849200248718262, "_timestamp": 1666020203.917332, "_runtime": 34.48920702934265, "_step": 9, "eval_loss": 2.1822993755340576, "_wandb": {"runtime": 34}}