{"train_loss": 8.236353874206543, "_timestamp": 1665672417.246924, "_runtime": 31.921265840530396, "_step": 7, "eval_loss": 2.327775001525879}