{"train_loss": 5.345473289489746, "_timestamp": 1665668290.59157, "_runtime": 36.84094190597534, "_step": 14, "eval_loss": 3.959836483001709, "_wandb": {"runtime": 36}}