{"train_loss": 4.493431568145752, "_timestamp": 1666093675.582779, "_runtime": 44.20534300804138, "_step": 9, "eval_loss": 0.9146013259887695, "_wandb": {"runtime": 95}}