{"train_loss": 0.0353507436811924, "_timestamp": 1665674188.555361, "_runtime": 304.6911430358887, "_step": 149, "eval_loss": 2.5901269912719727, "_wandb": {"runtime": 304}}