{"train_loss": 0.10062787681818008, "_timestamp": 1669986776.595781, "_runtime": 280.12569212913513, "_step": 149, "eval_loss": 3.9721426963806152, "_wandb": {"runtime": 279}}