{"train_loss": 0.6618024110794067, "_timestamp": 1665747056.7306979, "_runtime": 380.0174629688263, "_step": 183, "eval_loss": 0.774069607257843, "_wandb": {"runtime": 381}}