{"train_loss": 0.06890182197093964, "_timestamp": 1666092707.272725, "_runtime": 40.902645111083984, "_step": 9, "eval_loss": 4.783500671386719, "_wandb": {"runtime": 40}}