{"train_loss": 1.2815042734146118, "_timestamp": 1665672852.918587, "_runtime": 33.35326600074768, "_step": 14, "eval_loss": 10.108780860900879, "_wandb": {"runtime": 32}}