{"train_loss": 4.731438636779785, "_timestamp": 1666093926.135152, "_runtime": 92.86247706413269, "_step": 9, "eval_loss": 19.2891788482666, "_wandb": {"runtime": 247}}