{"train_loss": 1.7188795804977417, "_timestamp": 1669207812.015079, "_runtime": 656.7772099971771, "_step": 205, "eval_loss": 1.3382847309112549, "training_acc": {"Negative": 0.25, "Neutral": 0.3191489361702128, "Positive": 0.36231884057971014}, "eval_acc": {"Negative": 0.0, "Neutral": 1.0, "Positive": 0.0}, "eval_f1": 0.07852564102564102, "total_training_acc": {"Negative": 0.2, "Neutral": 0.3617021276595745, "Positive": 0.39420289855072466}, "total_eval_acc": {"Negative": 0.4, "Neutral": 0.6, "Positive": 0.0}, "_wandb": {"runtime": 656}}