{"train_loss": 0.00011740915942937136, "_timestamp": 1665741048.236663, "_runtime": 1136.4712240695953, "_step": 599, "eval_loss": 1.311301275563892e-06, "_wandb": {"runtime": 1136}}