{"train_loss": 7.392883777618408, "_timestamp": 1665668144.624327, "_runtime": 11.508908033370972, "_step": 2, "eval_loss": 14.17226791381836, "_wandb": {"runtime": 11}}