{"train_loss": 5.181738376617432, "_timestamp": 1666096739.4318862, "_runtime": 163.54144024848938, "_step": 55, "eval_loss": 2.291454792022705, "training_acc": {"Negative": 0.0, "Neutral": 0.0, "Positive": 1.0}, "eval_acc": {"Negative": NaN, "Neutral": 0.0, "Positive": 1.0}, "total_training_acc": {"Negative": 0.0, "Neutral": 0.175, "Positive": 0.6636363636363637}, "total_eval_acc": {"Negative": NaN, "Neutral": 0.0, "Positive": 1.0}, "_wandb": {"runtime": 163}}