{"train_loss": 0.008334176614880562, "_timestamp": 1665747819.2087831, "_runtime": 560.2018752098083, "_step": 299, "eval_loss": 0.33527857065200806, "_wandb": {"runtime": 560}}