{"train_loss": 0.0009677642374299467, "_timestamp": 1666095404.329901, "_runtime": 282.64123487472534, "_step": 55, "eval_loss": 3.024229049682617, "eval_acc": {"Negative": NaN, "Neutral": 0.0, "Positive": 1.0}, "total_training_acc": {"Negative": 0.1, "Neutral": 0.12, "Positive": 0.816}, "total_eval_acc": {"Negative": NaN, "Neutral": 0.0, "Positive": 1.0}, "_wandb": {"runtime": 282}}