{"train_loss": 3.764251232147217, "_timestamp": 1665671460.819306, "_runtime": 37.172388792037964, "_step": 7, "eval_loss": 11.167234420776367, "_wandb": {"runtime": 36}}