{"loss": 0.017394594848155975, "_timestamp": 1665667998.643593, "_runtime": 54.785731077194214, "_step": 9, "_wandb": {"runtime": 55}}