{"train_loss": 0.00012840237468481064, "_timestamp": 1666019354.08955, "_runtime": 43.79963207244873, "_step": 9, "eval_loss": 9.516698837280273, "_wandb": {"runtime": 43}}